<?xml version="1.0" encoding="UTF-8" ?>
<module>
	<name>mercadopago</name>
	<displayName><![CDATA[Mercado Pago]]></displayName>
	<version><![CDATA[3.6.2]]></version>
	<description><![CDATA[O Mercado Pago &eacute; o maior meio de pagamento da Am&eacute;rica Latina e oferece a maior variedade de meios de  pagamentos no mercado. Seus clientes podem pagar com cart&atilde;o de cr&eacute;dito, boleto, e saldo da conta Mercado Pago.]]></description>
	<author><![CDATA[MERCADOPAGO.COM Representa&ccedil;&otilde;es LTDA.]]></author>
	<tab><![CDATA[payments_gateways]]></tab>
	<confirmUninstall><![CDATA[Você tem certeza que deseja desinstalar o Mercado Pago?]]></confirmUninstall>
	<is_configurable>1</is_configurable>
	<need_instance>0</need_instance>
	<limited_countries></limited_countries>
</module>