<?xml version="1.0" encoding="UTF-8" ?>
<module>
	<name>mercadopago</name>
	<displayName><![CDATA[Mercado Pago]]></displayName>
	<version><![CDATA[3.5.5]]></version>
	<description><![CDATA[Mercado Pago Module Ofical - Receba seus pagamentos atrav&eacute;s de cart&atilde;o de cr&eacute;dito ou boletos. Pode utilizar o checkout personalizado ou b&aacute;sico com redirecionamento.]]></description>
	<author><![CDATA[MERCADOPAGO.COM Representa&ccedil;&otilde;es LTDA.]]></author>
	<tab><![CDATA[payments_gateways]]></tab>
	<confirmUninstall><![CDATA[Tem certeza que deseja desinstalar o Mercado Pago?]]></confirmUninstall>
	<is_configurable>1</is_configurable>
	<need_instance>0</need_instance>
	<limited_countries></limited_countries>
</module>