<?xml version="1.0" encoding="UTF-8" ?>
<module>
    <name>mercadopago</name>
    <displayName><![CDATA[Mercado Pago]]></displayName>
    <version><![CDATA[1.0.8]]></version>
    <description><![CDATA[Receba seus pagamentos usando Mercado Pago, voc&ecirc; pode utilizar nosso checkout b&aacute;sico.]]></description>
    <author><![CDATA[Mercado Pago]]></author>
    <tab><![CDATA[payments_gateways]]></tab>
	<confirmUninstall><![CDATA[Você tem certeza que deseja desinstalar?]]></confirmUninstall>
    <is_configurable>1</is_configurable>
    <need_instance>1</need_instance>
	<limited_countries></limited_countries>
</module>